{
  "name": "angular-touch",
  "version": "1.6.2",
  "license": "MIT",
  "main": "./angular-touch.js",
  "ignore": [],
  "dependencies": {
    "angular": "1.6.2"
  },
  "homepage": "https://github.com/angular/bower-angular-touch",
  "_release": "1.6.2",
  "_resolution": {
    "type": "version",
    "tag": "v1.6.2",
    "commit": "9aa8f316f6f6b3e58126f34b9fa48ee83295b1ff"
  },
  "_source": "https://github.com/angular/bower-angular-touch.git",
  "_target": "^1.6.2",
  "_originalSource": "angular-touch",
  "_direct": true
}