{
  "name": "angular-sanitize",
  "version": "1.6.2",
  "license": "MIT",
  "main": "./angular-sanitize.js",
  "ignore": [],
  "dependencies": {
    "angular": "1.6.2"
  },
  "homepage": "https://github.com/angular/bower-angular-sanitize",
  "_release": "1.6.2",
  "_resolution": {
    "type": "version",
    "tag": "v1.6.2",
    "commit": "54582fd74079ce33b55f1cb3ce5390f33d188a03"
  },
  "_source": "https://github.com/angular/bower-angular-sanitize.git",
  "_target": "^1.4.8",
  "_originalSource": "angular-sanitize"
}