{
  "name": "ng-table",
  "version": "1.0.0-beta.9",
  "main": [
    "./dist/ng-table.min.js",
    "./dist/ng-table.min.css"
  ],
  "ignore": [
    "examples",
    "src"
  ],
  "dependencies": {
    "angular": "^1.2"
  },
  "devDependencies": {
    "angular-mocks": "~1.4.3",
    "angular-digest-hud": "~0.1.9",
    "lodash": "~3.10.0",
    "angular-resource": "~1.4.3"
  },
  "homepage": "https://github.com/esvit/ng-table",
  "_release": "1.0.0-beta.9",
  "_resolution": {
    "type": "version",
    "tag": "1.0.0-beta.9",
    "commit": "8a903268807546d924ed0982786cab031c5f5249"
  },
  "_source": "https://github.com/esvit/ng-table.git",
  "_target": "1.0.0-beta.9",
  "_originalSource": "ng-table",
  "_direct": true
}