{
  "name": "angular-translate",
  "description": "A translation module for AngularJS",
  "version": "2.14.0",
  "main": "./angular-translate.js",
  "ignore": [],
  "author": "Pascal Precht",
  "license": "MIT",
  "dependencies": {
    "angular": ">=1.2.26 <1.7"
  },
  "homepage": "https://github.com/PascalPrecht/bower-angular-translate",
  "_release": "2.14.0",
  "_resolution": {
    "type": "version",
    "tag": "2.14.0",
    "commit": "de75c2457dfc3609230f23f7ebbf1d55f493bdfe"
  },
  "_source": "https://github.com/PascalPrecht/bower-angular-translate.git",
  "_target": "^2.9.2",
  "_originalSource": "angular-translate"
}